Students,Online Status,Activity Status,Summary,Summary Hint,Q1,Q1 Hint,Q2,Q2 Hint,Q3,Q3 Hint,Q4,Q4 Hint,Q5,Q5 Hint,Q6,Q6 Hint,Q7,Q7 Hint,Q8,Q8 Hint,Q9,Q9 Hint,Q10,Q10 Hint,Q11,Q11 Hint,Q12,Q12 Hint,Q13,Q13 Hint,Q14,Q14 Hint,Q15,Q15 Hint,Q16,Q16 Hint,Q17,Q17 Hint,Q18,Q18 Hint,Q19,Q19 Hint,Q20,Q20 Hint,Q21,Q21 Hint,Q22,Q22 Hint,Q23,Q23 Hint,Q24,Q24 Hint,Final Mark
Name 001,2,C,1,"Strengths:
Critical Thinking
Adaptive Thinking
Inventive Thinking
Communication
Collaboration
Information Skills
Civic Literacy
Global Literacy
Cross-Cultural Literacy

Areas for Improvement:",6,Strongly Agree,6,Strongly Agree,6,Strongly Agree,6,Strongly Agree,6,Strongly Agree,6,Strongly Agree,6,Strongly Agree,6,Strongly Agree,6,Strongly Agree,6,Strongly Agree,6,Strongly Agree,6,Strongly Agree,6,Strongly Agree,6,Strongly Agree,6,Strongly Agree,6,Strongly Agree,6,Strongly Agree,6,Strongly Agree,6,Strongly Agree,6,Strongly Agree,6,Strongly Agree,6,Strongly Agree,6,Strongly Agree,6,Strongly Agree,145/145
Name 002,1,O,,,,,,,,,,,,,,,,,,,,,,,,,,,,,,,,,,,,,,,,,,,,,,,,,,,0/145
Name 003,1,C,1,"Strengths:
Critical Thinking
Adaptive Thinking
Inventive Thinking
Communication
Collaboration
Information Skills
Civic Literacy
Global Literacy
Cross-Cultural Literacy

Areas for Improvement:",4,Slightly Agree,4,Slightly Agree,5,Agree,5,"Slightly Agree
Agree",4,Slightly Agree,5,Agree,4,Slightly Agree,5,Agree,6,Strongly Agree,6,Strongly Agree,5,Agree,6,Strongly Agree,5,Agree,5,Agree,5,Agree,5,Agree,5,Agree,5,Agree,5,Agree,4,"Slightly Agree
Slightly Disagree
Slightly Agree",4,Slightly Agree,3,Slightly Disagree,4,Slightly Agree,4,"Slightly Disagree
Slightly Agree",114/145
Name 004,2,O,,,5,Agree,6,Strongly Agree,6,Strongly Agree,,,,,,,,,,,,,,,,,,,,,,,,,,,,,,,,,,,,,,,,,,,17/145
Name 005,2,C,1,"Strengths:
Critical Thinking
Adaptive Thinking
Inventive Thinking
Communication
Collaboration
Information Skills
Civic Literacy
Global Literacy
Cross-Cultural Literacy

Areas for Improvement:",6,Strongly Agree,6,Strongly Agree,6,Strongly Agree,6,Strongly Agree,6,Strongly Agree,6,Strongly Agree,6,Strongly Agree,6,Strongly Agree,6,Strongly Agree,6,Strongly Agree,6,Strongly Agree,6,Strongly Agree,6,Strongly Agree,6,Strongly Agree,6,Strongly Agree,6,Strongly Agree,6,Strongly Agree,6,Strongly Agree,6,Strongly Agree,6,Strongly Agree,6,Strongly Agree,6,Strongly Agree,6,Strongly Agree,6,Strongly Agree,145/145
Name 006,1,O,,,,,,,,,,,,,,,,,,,,,,,,,,,,,,,,,,,,,,,,,,,,,,,,,,,0/145
Name 007,1,O,,,,,,,,,,,,,,,,,,,,,,,,,,,,,,,,,,,,,,,,,,,,,,,,,,,0/145
Name 008,1,O,,,,,,,,,,,,,,,,,,,,,,,,,,,,,,,,,,,,,,,,,,,,,,,,,,,0/145
Name 009,2,C,1,"Strengths:
Critical Thinking
Adaptive Thinking
Inventive Thinking
Collaboration
Information Skills
Global Literacy
Cross-Cultural Literacy

Areas for Improvement:
Communication
Civic Literacy",5,Agree,4,Slightly Agree,3,Slightly Disagree,4,Slightly Agree,3,Slightly Disagree,5,Agree,4,Slightly Agree,2,Disagree,1,Strongly Disagree,5,Agree,6,Strongly Agree,3,Slightly Disagree,1,Strongly Disagree,4,Slightly Agree,6,Strongly Agree,2,Disagree,2,Disagree,1,Strongly Disagree,5,Agree,5,Agree,2,Disagree,4,Slightly Agree,6,Strongly Agree,2,Disagree,86/145
Name 010,1,O,,,,,,,,,,,,,,,,,,,,,,,,,,,,,,,,,,,,,,,,,,,,,,,,,,,0/145
Name 011,1,O,,,,,,,,,,,,,,,,,,,,,,,,,,,,,,,,,,,,,,,,,,,,,,,,,,,0/145
Name 012,2,O,,,,,,,,,,,,,,,,,,,,,,,,,,,,,,,,,,,,,,,,,,,,,,,,,,,0/145
Name 013,1,O,,,,,,,,,,,,,,,,,,,,,,,,,,,,,,,,,,,,,,,,,,,,,,,,,,,0/145
Name 014,2,O,,,,,,,,,,,,,,,,,,,,,,,,,,,,,,,,,,,,,,,,,,,,,,,,,,,0/145
Name 015,1,O,,,,,,,,,,,,,,,,,,,,,,,,,,,,,,,,,,,,,,,,,,,,,,,,,,,0/145
Name 016,2,C,1,"Strengths:
Critical Thinking
Adaptive Thinking
Inventive Thinking
Communication
Collaboration
Information Skills
Civic Literacy
Global Literacy
Cross-Cultural Literacy

Areas for Improvement:",4,"Slightly Agree
Agree
Strongly Agree
Slightly Agree",5,Agree,3,Slightly Disagree,4,Slightly Agree,4,"Slightly Disagree
Slightly Agree",5,"Strongly Agree
Agree",3,"Disagree
Slightly Disagree",4,Slightly Agree,4,Slightly Agree,5,Agree,5,"Strongly Agree
Agree",5,Agree,4,Slightly Agree,5,"Slightly Agree
Agree",4,Slightly Agree,5,Agree,5,Agree,5,Agree,3,Slightly Disagree,6,Strongly Agree,5,Agree,4,Slightly Agree,5,"Strongly Agree
Agree",5,Agree,108/145
Name 017,1,O,,,,,,,,,,,,,,,,,,,,,,,,,,,,,,,,,,,,,,,,,,,,,,,,,,,0/145
Name 018,1,O,,,,,,,,,,,,,,,,,,,,,,,,,,,,,,,,,,,,,,,,,,,,,,,,,,,0/145
Name 019,2,C,1,"Strengths:
Critical Thinking
Adaptive Thinking
Inventive Thinking
Communication
Collaboration
Information Skills
Civic Literacy
Global Literacy
Cross-Cultural Literacy

Areas for Improvement:",5,Agree,5,Agree,5,Agree,5,Agree,5,Agree,5,Agree,5,Agree,6,Strongly Agree,5,Agree,5,Agree,6,"Agree
Strongly Agree",6,Strongly Agree,4,Slightly Agree,5,Agree,5,Agree,5,Agree,5,Agree,5,Agree,5,Agree,5,Agree,5,Agree,5,Agree,6,Strongly Agree,6,Strongly Agree,125/145
Name 020,2,C,1,"Strengths:
Critical Thinking
Adaptive Thinking
Inventive Thinking
Communication
Collaboration
Information Skills
Civic Literacy
Global Literacy
Cross-Cultural Literacy

Areas for Improvement:",5,Agree,5,Agree,5,Agree,5,Agree,5,Agree,5,Agree,5,Agree,5,Agree,5,Agree,5,Agree,5,Agree,6,Strongly Agree,6,Strongly Agree,5,Agree,5,Agree,6,"Agree
Strongly Agree",5,Agree,6,Strongly Agree,6,Strongly Agree,6,Strongly Agree,5,Agree,4,Slightly Agree,4,Slightly Agree,4,Slightly Agree,124/145
Name 021,1,O,,,,,,,,,,,,,,,,,,,,,,,,,,,,,,,,,,,,,,,,,,,,,,,,,,,0/145
Name 022,2,C,1,"Strengths:
Critical Thinking
Adaptive Thinking
Inventive Thinking
Communication
Collaboration
Information Skills
Civic Literacy
Global Literacy
Cross-Cultural Literacy

Areas for Improvement:",6,Strongly Agree,6,Strongly Agree,6,Strongly Agree,6,Strongly Agree,6,Strongly Agree,6,Strongly Agree,6,Strongly Agree,6,Strongly Agree,6,Strongly Agree,6,Strongly Agree,6,Strongly Agree,6,Strongly Agree,6,Strongly Agree,6,Strongly Agree,6,Strongly Agree,6,Strongly Agree,6,Strongly Agree,6,Strongly Agree,6,Strongly Agree,6,Strongly Agree,6,Strongly Agree,6,Strongly Agree,6,Strongly Agree,6,Strongly Agree,145/145
Name 023,1,C,1,"Strengths:
Critical Thinking
Adaptive Thinking
Inventive Thinking
Communication
Collaboration
Information Skills
Civic Literacy
Global Literacy
Cross-Cultural Literacy

Areas for Improvement:",5,Agree,4,Slightly Agree,6,Strongly Agree,6,"Agree
Strongly Agree",5,Agree,6,Strongly Agree,5,Agree,5,"Strongly Agree
Agree",6,"Agree
Strongly Agree",5,Agree,6,"Agree
Strongly Agree",6,Strongly Agree,5,Agree,6,"Agree
Strongly Agree",6,Strongly Agree,6,Strongly Agree,5,Agree,5,"Strongly Agree
Agree",6,"Strongly Agree
Agree
Strongly Agree",6,Strongly Agree,5,Agree,5,"Strongly Agree
Agree",6,Strongly Agree,6,Strongly Agree,133/145
Name 024,1,O,,,,,,,,,,,,,,,,,,,,,,,,,,,,,,,,,,,,,,,,,,,,,,,,,,,0/145
Name 025,1,O,,,,,,,,,,,,,,,,,,,,,,,,,,,,,,,,,,,,,,,,,,,,,,,,,,,0/145
Name 026,2,C,,,4,Slightly Agree,5,"Slightly Agree
Agree",5,Agree,5,Agree,5,Agree,5,Agree,5,Agree,5,Agree,5,Agree,5,Agree,5,Agree,4,"Agree
Slightly Agree",5,Agree,5,Agree,4,"Agree
Slightly Agree",4,Slightly Agree,5,Agree,3,"Agree
Slightly Agree
Slightly Disagree
Slightly Agree
Slightly Disagree",4,Slightly Agree,4,"Slightly Agree
Slightly Disagree
Slightly Agree
Slightly Disagree
Slightly Agree",5,Agree,5,Agree,5,Agree,5,Agree,112/145
Name 027,2,O,,,,,,,,,,,,,,,,,,,,,,,,,,,,,,,,,,,,,,,,,,,,,,,,,,,0/145
Name 028,1,O,,,,,,,,,,,,,,,,,,,,,,,,,,,,,,,,,,,,,,,,,,,,,,,,,,,0/145
Name 029,1,O,,,,,,,,,,,,,,,,,,,,,,,,,,,,,,,,,,,,,,,,,,,,,,,,,,,0/145
Name 030,1,O,,,,,,,,,,,,,,,,,,,,,,,,,,,,,,,,,,,,,,,,,,,,,,,,,,,0/145
Name 031,1,C,1,"Strengths:
Critical Thinking
Adaptive Thinking
Inventive Thinking
Communication
Collaboration
Information Skills
Civic Literacy
Global Literacy
Cross-Cultural Literacy

Areas for Improvement:",6,Strongly Agree,4,Slightly Agree,4,Slightly Agree,4,Slightly Agree,5,Agree,5,Agree,5,Agree,5,Agree,5,Agree,5,Agree,5,Agree,6,Strongly Agree,5,Agree,5,Agree,5,Agree,5,Agree,5,Agree,6,Strongly Agree,5,Agree,6,Strongly Agree,5,"Strongly Agree
Agree
Strongly Agree
Agree",5,Agree,6,Strongly Agree,6,Strongly Agree,124/145
Name 032,3,C,1,"Strengths:
Critical Thinking
Adaptive Thinking
Inventive Thinking
Communication
Collaboration
Information Skills
Civic Literacy
Global Literacy
Cross-Cultural Literacy

Areas for Improvement:",5,Agree,5,Agree,5,Agree,4,Slightly Agree,5,Agree,5,Agree,5,Agree,6,Strongly Agree,5,Agree,4,Slightly Agree,6,Strongly Agree,6,Strongly Agree,6,Strongly Agree,6,Strongly Agree,6,Strongly Agree,6,Strongly Agree,6,Strongly Agree,4,Slightly Agree,5,Agree,6,Strongly Agree,6,Strongly Agree,5,Agree,6,Strongly Agree,6,Strongly Agree,130/145
Name 033,1,O,,,,,,,,,,,,,,,,,,,,,,,,,,,,,,,,,,,,,,,,,,,,,,,,,,,0/145
Name 034,6,C,1,"Strengths:
Critical Thinking
Adaptive Thinking
Inventive Thinking
Communication
Collaboration
Information Skills
Civic Literacy
Global Literacy
Cross-Cultural Literacy

Areas for Improvement:",6,Strongly Agree,6,Strongly Agree,6,Strongly Agree,6,Strongly Agree,6,Strongly Agree,6,Strongly Agree,6,Strongly Agree,6,Strongly Agree,6,Strongly Agree,6,Strongly Agree,6,Strongly Agree,6,Strongly Agree,6,Strongly Agree,6,Strongly Agree,6,Strongly Agree,6,Strongly Agree,6,Strongly Agree,6,Strongly Agree,6,Strongly Agree,6,Strongly Agree,6,Strongly Agree,6,Strongly Agree,6,Strongly Agree,6,Strongly Agree,145/145
Name 035,1,O,,,,,,,,,,,,,,,,,,,,,,,,,,,,,,,,,,,,,,,,,,,,,,,,,,,0/145
Name 036,2,C,,,3,Slightly Disagree,4,Slightly Agree,4,Slightly Agree,4,Slightly Agree,6,Strongly Agree,3,Slightly Disagree,5,Agree,3,Slightly Disagree,5,Agree,5,Agree,5,Agree,3,Slightly Disagree,3,Slightly Disagree,3,Slightly Disagree,5,Agree,3,Slightly Disagree,5,Agree,5,Agree,5,Agree,5,Agree,5,Agree,5,Agree,5,Agree,5,Agree,104/145
Name 037,1,O,,,4,"Slightly Disagree
Slightly Agree",4,Slightly Agree,5,Agree,6,"Agree
Strongly Agree",4,Slightly Agree,4,Slightly Agree,5,"Slightly Agree
Agree",5,Agree,4,Slightly Agree,4,Slightly Agree,3,Slightly Disagree,5,Agree,5,Agree,6,Strongly Agree,2,Disagree,1,Strongly Disagree,,,,,,,,,,,,,,,,,67/145
Name 038,1,O,,,,,,,,,,,,,,,,,,,,,,,,,,,,,,,,,,,,,,,,,,,,,,,,,,,0/145
Name 039,1,O,,,,,,,,,,,,,,,,,,,,,,,,,,,,,,,,,,,,,,,,,,,,,,,,,,,0/145
Name 040,1,O,,,,,,,,,,,,,,,,,,,,,,,,,,,,,,,,,,,,,,,,,,,,,,,,,,,0/145
Name 041,1,O,,,,,,,,,,,,,,,,,,,,,,,,,,,,,,,,,,,,,,,,,,,,,,,,,,,0/145
Name 042,1,O,,,,,,,,,,,,,,,,,,,,,,,,,,,,,,,,,,,,,,,,,,,,,,,,,,,0/145
Name 043,2,O,,,,,,,,,,,,,,,,,,,,,,,,,,,,,,,,,,,,,,,,,,,,,,,,,,,0/145
Name 044,2,O,,,,,,,,,,,,,,,,,,,,,,,,,,,,,,,,,,,,,,,,,,,,,,,,,,,0/145
Name 045,1,O,,,,,,,,,,,,,,,,,,,,,,,,,,,,,,,,,,,,,,,,,,,,,,,,,,,0/145
Name 046,1,O,,,,,,,,,,,,,,,,,,,,,,,,,,,,,,,,,,,,,,,,,,,,,,,,,,,0/145
Name 047,1,O,,,,,,,,,,,,,,,,,,,,,,,,,,,,,,,,,,,,,,,,,,,,,,,,,,,0/145
Name 048,3,C,1,"Strengths:
Critical Thinking
Adaptive Thinking
Inventive Thinking
Communication
Collaboration
Information Skills
Civic Literacy
Global Literacy
Cross-Cultural Literacy

Areas for Improvement:",6,Strongly Agree,6,Strongly Agree,6,Strongly Agree,6,Strongly Agree,5,Agree,6,Strongly Agree,6,Strongly Agree,6,Strongly Agree,6,Strongly Agree,5,Agree,5,Agree,6,"Agree
Strongly Agree",6,"Agree
Strongly Agree",6,Strongly Agree,6,Strongly Agree,6,Strongly Agree,6,Strongly Agree,6,Strongly Agree,6,"Strongly Agree
Agree
Strongly Agree",6,Strongly Agree,5,"Strongly Agree
Agree",6,Strongly Agree,6,Strongly Agree,6,Strongly Agree,141/145
Name 049,1,O,,,,,,,,,,,,,,,,,,,,,,,,,,,,,,,,,,,,,,,,,,,,,,,,,,,0/145
Name 050,3,C,1,"Strengths:
Critical Thinking
Adaptive Thinking
Inventive Thinking
Communication
Collaboration
Information Skills
Civic Literacy
Global Literacy
Cross-Cultural Literacy

Areas for Improvement:",6,Strongly Agree,6,Strongly Agree,6,Strongly Agree,6,Strongly Agree,6,Strongly Agree,6,Strongly Agree,6,Strongly Agree,6,Strongly Agree,6,"Slightly Agree
Strongly Agree",6,Strongly Agree,6,Strongly Agree,6,Strongly Agree,6,Strongly Agree,6,Strongly Agree,6,Strongly Agree,6,Strongly Agree,6,Strongly Agree,6,Strongly Agree,6,Strongly Agree,6,Strongly Agree,6,Strongly Agree,6,Strongly Agree,6,Strongly Agree,6,Strongly Agree,145/145
Name 051,2,C,1,"Strengths:
Critical Thinking
Adaptive Thinking
Inventive Thinking
Communication
Collaboration
Information Skills
Civic Literacy
Global Literacy
Cross-Cultural Literacy

Areas for Improvement:",5,Agree,5,Agree,6,Strongly Agree,5,Agree,6,Strongly Agree,6,Strongly Agree,4,"Agree
Slightly Agree",5,"Slightly Disagree
Agree",5,Agree,4,Slightly Agree,5,Agree,6,"Agree
Strongly Agree",4,Slightly Agree,6,Strongly Agree,5,Agree,6,Strongly Agree,5,Agree,5,Agree,6,Strongly Agree,6,Strongly Agree,6,Strongly Agree,5,Agree,6,Strongly Agree,6,Strongly Agree,129/145
Name 052,1,O,,,,,,,,,,,,,,,,,,,,,,,,,,,,,,,,,,,,,,,,,,,,,,,,,,,0/145
Name 053,1,C,,,2,Disagree,2,Disagree,2,Disagree,2,Disagree,3,Slightly Disagree,3,Slightly Disagree,3,Slightly Disagree,4,Slightly Agree,4,Slightly Agree,4,Slightly Agree,4,Slightly Agree,3,"Slightly Agree
Slightly Disagree",4,Slightly Agree,4,Slightly Agree,4,Slightly Agree,3,"Slightly Agree
Slightly Disagree",3,Slightly Disagree,3,Slightly Disagree,3,Slightly Disagree,3,Slightly Disagree,3,Slightly Disagree,3,Slightly Disagree,3,Slightly Disagree,3,Slightly Disagree,75/145
Name 054,1,O,,,,,,,,,,,,,,,,,,,,,,,,,,,,,,,,,,,,,,,,,,,,,,,,,,,0/145
Name 055,1,O,,,,,,,,,,,,,,,,,,,,,,,,,,,,,,,,,,,,,,,,,,,,,,,,,,,0/145
Name 056,1,O,,,,,,,,,,,,,,,,,,,,,,,,,,,,,,,,,,,,,,,,,,,,,,,,,,,0/145
Name 057,1,O,,,,,,,,,,,,,,,,,,,,,,,,,,,,,,,,,,,,,,,,,,,,,,,,,,,0/145
Name 058,1,O,,,,,,,,,,,,,,,,,,,,,,,,,,,,,,,,,,,,,,,,,,,,,,,,,,,0/145
Name 059,1,O,,,5,"Strongly Agree
Agree",5,Agree,4,Slightly Agree,5,Agree,5,Agree,5,Agree,6,Strongly Agree,6,Strongly Agree,,,,,,,,,,,,,,,,,,,,,,,,,,,,,,,,,41/145
Name 060,1,O,,,,,,,,,,,,,,,,,,,,,,,,,,,,,,,,,,,,,,,,,,,,,,,,,,,0/145
Name 061,1,O,,,,,,,,,,,,,,,,,,,,,,,,,,,,,,,,,,,,,,,,,,,,,,,,,,,0/145
Name 062,1,O,,,,,,,,,,,,,,,,,,,,,,,,,,,,,,,,,,,,,,,,,,,,,,,,,,,0/145
Name 063,1,O,,,,,,,,,,,,,,,,,,,,,,,,,,,,,,,,,,,,,,,,,,,,,,,,,,,0/145
Name 064,1,O,,,,,,,,,,,,,,,,,,,,,,,,,,,,,,,,,,,,,,,,,,,,,,,,,,,0/145
Name 065,1,O,,,,,,,,,,,,,,,,,,,,,,,,,,,,,,,,,,,,,,,,,,,,,,,,,,,0/145
Name 066,3,C,1,"Strengths:
Critical Thinking
Adaptive Thinking
Inventive Thinking
Communication
Collaboration
Information Skills
Civic Literacy
Global Literacy
Cross-Cultural Literacy

Areas for Improvement:",6,Strongly Agree,6,Strongly Agree,6,Strongly Agree,6,Strongly Agree,6,Strongly Agree,6,Strongly Agree,6,Strongly Agree,5,Agree,5,Agree,5,Agree,6,Strongly Agree,6,Strongly Agree,6,"Strongly Agree
Agree
Strongly Agree",5,Agree,6,Strongly Agree,6,Strongly Agree,6,Strongly Agree,5,Agree,6,Strongly Agree,6,"Agree
Strongly Agree",6,Strongly Agree,6,Strongly Agree,6,Strongly Agree,6,Strongly Agree,140/145
Name 067,1,O,,,,,,,,,,,,,,,,,,,,,,,,,,,,,,,,,,,,,,,,,,,,,,,,,,,0/145
Name 068,1,O,,,,,,,,,,,,,,,,,,,,,,,,,,,,,,,,,,,,,,,,,,,,,,,,,,,0/145
Name 069,1,C,1,"Strengths:
Critical Thinking
Adaptive Thinking
Inventive Thinking
Communication
Collaboration
Information Skills
Civic Literacy
Global Literacy
Cross-Cultural Literacy

Areas for Improvement:",5,Agree,6,Strongly Agree,5,Agree,6,Strongly Agree,3,"Slightly Agree
Slightly Disagree",3,Slightly Disagree,4,Slightly Agree,3,Slightly Disagree,4,Slightly Agree,4,Slightly Agree,3,Slightly Disagree,4,Slightly Agree,4,Slightly Agree,3,Slightly Disagree,4,Slightly Agree,3,Slightly Disagree,3,Slightly Disagree,5,Agree,4,Slightly Agree,5,Agree,4,Slightly Agree,5,Agree,4,Slightly Agree,5,Agree,100/145
Name 070,1,O,,,,,,,,,,,,,,,,,,,,,,,,,,,,,,,,,,,,,,,,,,,,,,,,,,,0/145
Name 071,2,C,1,"Strengths:
Critical Thinking
Adaptive Thinking
Inventive Thinking
Communication
Collaboration
Information Skills
Civic Literacy
Global Literacy
Cross-Cultural Literacy

Areas for Improvement:",5,Agree,5,Agree,5,Agree,5,Agree,5,Agree,5,Agree,5,Agree,5,Agree,5,Agree,5,Agree,5,Agree,5,Agree,5,Agree,5,Agree,5,Agree,5,Agree,5,Agree,5,Agree,5,Agree,5,Agree,5,Agree,4,Slightly Agree,4,Slightly Agree,4,Slightly Agree,118/145
Name 072,1,O,,,,,,,,,,,,,,,,,,,,,,,,,,,,,,,,,,,,,,,,,,,,,,,,,,,0/145
Name 073,1,C,1,"Strengths:
Critical Thinking
Adaptive Thinking
Inventive Thinking
Communication
Collaboration
Information Skills
Civic Literacy
Global Literacy
Cross-Cultural Literacy

Areas for Improvement:",6,Strongly Agree,6,Strongly Agree,5,Agree,5,Agree,5,Agree,5,Agree,5,Agree,6,Strongly Agree,5,Agree,5,Agree,6,Strongly Agree,5,Agree,5,Agree,6,Strongly Agree,6,Strongly Agree,5,Agree,6,Strongly Agree,5,Agree,5,Agree,6,Strongly Agree,6,Strongly Agree,6,Strongly Agree,6,Strongly Agree,6,Strongly Agree,133/145
Name 074,1,O,,,,,,,,,,,,,,,,,,,,,,,,,,,,,,,,,,,,,,,,,,,,,,,,,,,0/145
Name 075,1,O,,,,,,,,,,,,,,,,,,,,,,,,,,,,,,,,,,,,,,,,,,,,,,,,,,,0/145
Name 076,2,C,1,"Strengths:


Areas for Improvement:
Critical Thinking
Adaptive Thinking
Inventive Thinking
Communication
Collaboration
Information Skills
Civic Literacy
Global Literacy
Cross-Cultural Literacy",1,"Strongly Agree
Strongly Disagree",1,Strongly Disagree,1,Strongly Disagree,1,Strongly Disagree,1,Strongly Disagree,1,Strongly Disagree,1,Strongly Disagree,1,Strongly Disagree,1,Strongly Disagree,1,Strongly Disagree,1,Strongly Disagree,1,Strongly Disagree,1,Strongly Disagree,1,Strongly Disagree,1,Strongly Disagree,1,Strongly Disagree,1,Strongly Disagree,1,Strongly Disagree,1,Strongly Disagree,1,Strongly Disagree,1,Strongly Disagree,1,Strongly Disagree,1,Strongly Disagree,1,Strongly Disagree,25/145
Name 077,2,O,,,,,,,,,,,,,,,,,,,,,,,,,,,,,,,,,,,,,,,,,,,,,,,,,,,0/145
Name 078,1,O,,,,,,,,,,,,,,,,,,,,,,,,,,,,,,,,,,,,,,,,,,,,,,,,,,,0/145
Name 079,1,O,,,,,,,,,,,,,,,,,,,,,,,,,,,,,,,,,,,,,,,,,,,,,,,,,,,0/145
Name 080,1,O,,,,,,,,,,,,,,,,,,,,,,,,,,,,,,,,,,,,,,,,,,,,,,,,,,,0/145
Name 081,1,O,,,,,,,,,,,,,,,,,,,,,,,,,,,,,,,,,,,,,,,,,,,,,,,,,,,0/145
Name 082,1,O,,,,,,,,,,,,,,,,,,,,,,,,,,,,,,,,,,,,,,,,,,,,,,,,,,,0/145
Name 083,1,O,,,,,,,,,,,,,,,,,,,,,,,,,,,,,,,,,,,,,,,,,,,,,,,,,,,0/145
Name 084,1,O,,,,,,,,,,,,,,,,,,,,,,,,,,,,,,,,,,,,,,,,,,,,,,,,,,,0/145
Name 085,1,O,,,,,,,,,,,,,,,,,,,,,,,,,,,,,,,,,,,,,,,,,,,,,,,,,,,0/145
Name 086,1,O,,,,,,,,,,,,,,,,,,,,,,,,,,,,,,,,,,,,,,,,,,,,,,,,,,,0/145
Name 087,1,O,,,,,,,,,,,,,,,,,,,,,,,,,,,,,,,,,,,,,,,,,,,,,,,,,,,0/145
Name 088,1,C,1,"Strengths:
Critical Thinking
Adaptive Thinking
Inventive Thinking
Communication
Collaboration
Information Skills
Civic Literacy
Global Literacy
Cross-Cultural Literacy

Areas for Improvement:",5,"Agree
Strongly Agree
Agree
Slightly Agree
Agree",5,Agree,5,Agree,6,Strongly Agree,5,Agree,5,Agree,5,Agree,5,Agree,5,Agree,6,Strongly Agree,5,Agree,5,Agree,5,Agree,5,Agree,5,Agree,5,Agree,5,Agree,5,Agree,5,Agree,5,Agree,5,Agree,5,Agree,6,Strongly Agree,6,Strongly Agree,125/145
Name 089,1,O,,,,,,,,,,,,,,,,,,,,,,,,,,,,,,,,,,,,,,,,,,,,,,,,,,,0/145
Name 090,1,O,,,,,,,,,,,,,,,,,,,,,,,,,,,,,,,,,,,,,,,,,,,,,,,,,,,0/145
Name 091,1,O,,,,,,,,,,,,,,,,,,,,,,,,,,,,,,,,,,,,,,,,,,,,,,,,,,,0/145
Name 092,1,O,,,,,,,,,,,,,,,,,,,,,,,,,,,,,,,,,,,,,,,,,,,,,,,,,,,0/145
Name 093,1,C,1,"Strengths:
Critical Thinking
Adaptive Thinking
Inventive Thinking
Communication
Collaboration
Information Skills
Civic Literacy
Global Literacy
Cross-Cultural Literacy

Areas for Improvement:",5,Agree,4,"Slightly Disagree
Agree
Slightly Agree",5,Agree,6,"Slightly Agree
Strongly Agree",3,"Slightly Agree
Slightly Disagree",4,Slightly Agree,3,Slightly Disagree,4,Slightly Agree,4,"Slightly Disagree
Slightly Agree",5,Agree,5,"Strongly Agree
Agree",5,Agree,4,Slightly Agree,3,Slightly Disagree,5,Agree,4,Slightly Agree,4,Slightly Agree,5,Agree,4,Slightly Agree,5,Agree,4,Slightly Agree,5,Agree,4,Slightly Agree,5,Agree,106/145
Name 094,1,O,,,,,,,,,,,,,,,,,,,,,,,,,,,,,,,,,,,,,,,,,,,,,,,,,,,0/145
Name 095,1,O,,,,,,,,,,,,,,,,,,,,,,,,,,,,,,,,,,,,,,,,,,,,,,,,,,,0/145
Name 096,1,O,,,,,,,,,,,,,,,,,,,,,,,,,,,,,,,,,,,,,,,,,,,,,,,,,,,0/145
Name 097,12,C,1,"Strengths:
Critical Thinking
Adaptive Thinking
Inventive Thinking
Communication
Collaboration
Information Skills
Civic Literacy
Global Literacy

Areas for Improvement:
Cross-Cultural Literacy",5,"Strongly Agree
Agree",5,Agree,1,Strongly Disagree,1,Strongly Disagree,6,Strongly Agree,2,Disagree,4,Slightly Agree,5,Agree,2,Disagree,5,Agree,5,Agree,2,Disagree,6,Strongly Agree,6,Strongly Agree,6,Strongly Agree,5,Agree,6,Strongly Agree,6,Strongly Agree,5,Agree,6,Strongly Agree,3,Slightly Disagree,2,Disagree,2,Disagree,2,Disagree,99/145
Name 098,1,O,,,,,,,,,,,,,,,,,,,,,,,,,,,,,,,,,,,,,,,,,,,,,,,,,,,0/145
Name 099,2,O,,,,,,,,,,,,,,,,,,,,,,,,,,,,,,,,,,,,,,,,,,,,,,,,,,,0/145
Name 100,1,O,,,,,,,,,,,,,,,,,,,,,,,,,,,,,,,,,,,,,,,,,,,,,,,,,,,0/145
Name 101,2,C,1,"Strengths:
Critical Thinking
Adaptive Thinking
Inventive Thinking
Communication
Collaboration
Information Skills
Civic Literacy
Global Literacy
Cross-Cultural Literacy

Areas for Improvement:",5,"Disagree
Agree",5,"Disagree
Agree",5,Agree,5,Agree,5,Agree,5,Agree,5,Agree,5,Agree,5,Agree,5,Agree,5,Agree,5,Agree,5,Agree,5,Agree,5,Agree,5,Agree,5,Agree,5,Agree,5,Agree,6,Strongly Agree,5,Agree,5,Agree,5,Agree,5,Agree,122/145
Name 102,1,O,,,,,,,,,,,,,,,,,,,,,,,,,,,,,,,,,,,,,,,,,,,,,,,,,,,0/145
Name 103,2,O,,,,,,,,,,,,,,,,,,,,,,,,,,,,,,,,,,,,,,,,,,,,,,,,,,,0/145
Name 104,2,O,,,,,,,,,,,,,,,,,,,,,,,,,,,,,,,,,,,,,,,,,,,,,,,,,,,0/145
Name 105,1,O,,,,,,,,,,,,,,,,,,,,,,,,,,,,,,,,,,,,,,,,,,,,,,,,,,,0/145
Name 106,1,O,,,,,,,,,,,,,,,,,,,,,,,,,,,,,,,,,,,,,,,,,,,,,,,,,,,0/145
Name 107,7,C,1,"Strengths:
Critical Thinking
Adaptive Thinking
Inventive Thinking
Communication
Collaboration
Information Skills
Civic Literacy
Global Literacy
Cross-Cultural Literacy

Areas for Improvement:",5,Agree,5,Agree,5,Agree,5,Agree,4,Slightly Agree,4,Slightly Agree,5,Agree,5,Agree,5,Agree,5,Agree,5,Agree,5,Agree,4,Slightly Agree,4,Slightly Agree,4,Slightly Agree,3,Slightly Disagree,3,Slightly Disagree,4,Slightly Agree,4,Slightly Agree,3,Slightly Disagree,4,"Slightly Disagree
Slightly Agree",4,Slightly Agree,4,Slightly Agree,4,Slightly Agree,104/145
Name 108,1,C,1,"Strengths:
Critical Thinking
Adaptive Thinking
Inventive Thinking
Communication
Collaboration
Information Skills
Civic Literacy
Global Literacy
Cross-Cultural Literacy

Areas for Improvement:",5,Agree,5,Agree,4,Slightly Agree,6,"Agree
Strongly Agree",2,Disagree,5,Agree,5,Agree,4,Slightly Agree,6,Strongly Agree,5,Agree,6,Strongly Agree,5,Agree,4,Slightly Agree,2,Disagree,4,Slightly Agree,5,Agree,5,Agree,5,Agree,5,"Strongly Agree
Agree",4,"Strongly Agree
Slightly Agree",4,Slightly Agree,6,Strongly Agree,6,Strongly Agree,5,Agree,114/145
Name 109,5,C,1,"Strengths:
Adaptive Thinking
Inventive Thinking
Communication
Collaboration
Information Skills
Cross-Cultural Literacy

Areas for Improvement:
Critical Thinking
Civic Literacy
Global Literacy",1,Strongly Disagree,2,Disagree,3,Slightly Disagree,4,Slightly Agree,5,Agree,6,Strongly Agree,6,Strongly Agree,6,Strongly Agree,6,Strongly Agree,6,Strongly Agree,6,Strongly Agree,6,Strongly Agree,6,Strongly Agree,5,Agree,4,Slightly Agree,3,Slightly Disagree,2,Disagree,1,Strongly Disagree,1,Strongly Disagree,1,Strongly Disagree,2,Disagree,3,Slightly Disagree,4,Slightly Agree,5,Agree,95/145
Name 110,1,O,,,,,,,,,,,,,,,,,,,,,,,,,,,,,,,,,,,,,,,,,,,,,,,,,,,0/145
Name 111,1,O,,,,,,,,,,,,,,,,,,,,,,,,,,,,,,,,,,,,,,,,,,,,,,,,,,,0/145
Name 112,1,O,,,,,,,,,,,,,,,,,,,,,,,,,,,,,,,,,,,,,,,,,,,,,,,,,,,0/145
Name 113,4,C,1,"Strengths:
Critical Thinking
Adaptive Thinking
Communication
Collaboration
Information Skills
Global Literacy
Cross-Cultural Literacy

Areas for Improvement:
Inventive Thinking
Civic Literacy",5,Agree,4,Slightly Agree,4,Slightly Agree,6,Strongly Agree,3,Slightly Disagree,3,Slightly Disagree,2,Disagree,5,Agree,3,Slightly Disagree,6,Strongly Agree,4,Slightly Agree,4,Slightly Agree,3,Slightly Disagree,5,Agree,5,Agree,5,Agree,3,Slightly Disagree,1,Strongly Disagree,5,Agree,6,Strongly Agree,6,Strongly Agree,6,Strongly Agree,6,Strongly Agree,6,Strongly Agree,107/145
Name 114,2,C,1,"Strengths:
Critical Thinking
Adaptive Thinking
Inventive Thinking
Communication
Collaboration
Information Skills
Civic Literacy
Global Literacy
Cross-Cultural Literacy

Areas for Improvement:",4,Slightly Agree,5,Agree,5,"Slightly Agree
Agree",6,Strongly Agree,5,Agree,5,Agree,5,Agree,4,Slightly Agree,5,Agree,5,Agree,6,"Agree
Strongly Agree",6,Strongly Agree,5,Agree,5,Agree,5,Agree,5,Agree,6,Strongly Agree,5,Agree,5,Agree,5,Agree,5,Agree,5,Agree,5,Agree,5,Agree,123/145
Name 115,2,O,,,,,,,,,,,,,,,,,,,,,,,,,,,,,,,,,,,,,,,,,,,,,,,,,,,0/145
Name 116,1,O,,,,,,,,,,,,,,,,,,,,,,,,,,,,,,,,,,,,,,,,,,,,,,,,,,,0/145
Name 117,1,C,1,"Strengths:
Critical Thinking
Adaptive Thinking
Inventive Thinking
Communication
Collaboration
Information Skills
Civic Literacy
Global Literacy
Cross-Cultural Literacy

Areas for Improvement:",5,Agree,6,Strongly Agree,6,Strongly Agree,5,"Strongly Agree
Agree",4,Slightly Agree,5,Agree,6,Strongly Agree,6,Strongly Agree,6,Strongly Agree,6,Strongly Agree,6,Strongly Agree,6,Strongly Agree,6,Strongly Agree,5,Agree,5,Agree,6,"Slightly Agree
Strongly Agree",5,Agree,6,Strongly Agree,6,Strongly Agree,5,Agree,6,Strongly Agree,6,Strongly Agree,6,Strongly Agree,6,Strongly Agree,136/145
Name 118,1,O,,,,,,,,,,,,,,,,,,,,,,,,,,,,,,,,,,,,,,,,,,,,,,,,,,,0/145
Name 119,2,O,,,,,,,,,,,,,,,,,,,,,,,,,,,,,,,,,,,,,,,,,,,,,,,,,,,0/145
Name 120,1,O,,,,,,,,,,,,,,,,,,,,,,,,,,,,,,,,,,,,,,,,,,,,,,,,,,,0/145
Name 121,1,O,,,4,Slightly Agree,,,,,,,,,,,,,,,,,,,,,,,,,,,,,,,,,,,,,,,,,,,,,,,4/145
Name 122,3,C,1,"Strengths:
Adaptive Thinking
Inventive Thinking
Communication
Collaboration
Information Skills
Civic Literacy
Global Literacy
Cross-Cultural Literacy

Areas for Improvement:
Critical Thinking",2,Disagree,3,Slightly Disagree,3,Slightly Disagree,5,Agree,4,Slightly Agree,4,Slightly Agree,4,Slightly Agree,4,Slightly Agree,4,Slightly Agree,4,Slightly Agree,6,Strongly Agree,6,"Slightly Agree
Strongly Agree",5,Agree,6,Strongly Agree,5,Agree,6,Strongly Agree,5,Agree,6,Strongly Agree,6,Strongly Agree,6,Strongly Agree,6,Strongly Agree,6,Strongly Agree,5,Agree,4,Slightly Agree,116/145
Name 123,1,O,,,,,,,,,,,,,,,,,,,,,,,,,,,,,,,,,,,,,,,,,,,,,,,,,,,0/145
Name 124,1,O,,,,,,,,,,,,,,,,,,,,,,,,,,,,,,,,,,,,,,,,,,,,,,,,,,,0/145
Name 125,1,O,,,,,,,,,,,,,,,,,,,,,,,,,,,,,,,,,,,,,,,,,,,,,,,,,,,0/145
Name 126,2,C,,,6,Strongly Agree,5,Agree,5,Agree,5,Agree,5,Agree,6,Strongly Agree,5,Agree,5,Agree,4,Slightly Agree,5,Agree,5,Agree,6,Strongly Agree,5,Agree,6,Strongly Agree,5,"Strongly Agree
Agree",5,Agree,,,6,"Slightly Agree
Strongly Agree",6,Strongly Agree,6,Strongly Agree,6,Strongly Agree,6,Strongly Agree,5,"Strongly Agree
Agree",6,Strongly Agree,124/145
Name 127,1,O,,,,,,,,,,,,,,,,,,,,,,,,,,,,,,,,,,,,,,,,,,,,,,,,,,,0/145
Name 128,1,O,,,,,,,,,,,,,,,,,,,,,,,,,,,,,,,,,,,,,,,,,,,,,,,,,,,0/145
Name 129,1,O,,,,,,,,,,,,,,,,,,,,,,,,,,,,,,,,,,,,,,,,,,,,,,,,,,,0/145
Name 130,1,O,,,,,,,,,,,,,,,,,,,,,,,,,,,,,,,,,,,,,,,,,,,,,,,,,,,0/145
Name 131,1,O,,,,,,,,,,,,,,,,,,,,,,,,,,,,,,,,,,,,,,,,,,,,,,,,,,,0/145
Name 132,2,O,,,,,,,,,,,,,,,,,,,,,,,,,,,,,,,,,,,,,,,,,,,,,,,,,,,0/145
Name 133,1,O,,,,,,,,,,,,,,,,,,,,,,,,,,,,,,,,,,,,,,,,,,,,,,,,,,,0/145
Name 134,3,C,1,"Strengths:
Critical Thinking
Adaptive Thinking
Inventive Thinking
Communication
Collaboration
Information Skills
Civic Literacy
Global Literacy
Cross-Cultural Literacy

Areas for Improvement:",5,Agree,5,Agree,5,Agree,6,Strongly Agree,5,Agree,4,"Agree
Slightly Agree",5,Agree,5,Agree,5,Agree,5,Agree,5,Agree,6,Strongly Agree,5,Agree,5,Agree,5,Agree,5,Agree,5,Agree,5,Agree,5,Agree,5,Agree,6,"Agree
Strongly Agree",6,Strongly Agree,6,Strongly Agree,6,Strongly Agree,126/145
Name 135,3,C,1,"Strengths:
Critical Thinking
Adaptive Thinking
Inventive Thinking
Communication
Collaboration
Information Skills
Civic Literacy
Global Literacy
Cross-Cultural Literacy

Areas for Improvement:",6,Strongly Agree,6,Strongly Agree,6,Strongly Agree,6,Strongly Agree,6,Strongly Agree,6,Strongly Agree,5,Agree,2,"Agree
Disagree",4,Slightly Agree,6,Strongly Agree,6,Strongly Agree,6,Strongly Agree,4,"Slightly Agree
Slightly Disagree
Slightly Agree",4,Slightly Agree,4,Slightly Agree,6,Strongly Agree,6,Strongly Agree,3,Slightly Disagree,4,"Slightly Disagree
Slightly Agree",6,Strongly Agree,6,Strongly Agree,6,Strongly Agree,6,Strongly Agree,6,Strongly Agree,127/145
Name 136,1,O,,,,,,,,,,,,,,,,,,,,,,,,,,,,,,,,,,,,,,,,,,,,,,,,,,,0/145
Name 137,1,C,,,1,Strongly Disagree,4,Slightly Agree,3,Slightly Disagree,2,Disagree,2,Disagree,2,Disagree,2,Disagree,6,Strongly Agree,6,Strongly Agree,6,Strongly Agree,1,Strongly Disagree,6,Strongly Agree,1,Strongly Disagree,6,Strongly Agree,6,Strongly Agree,1,Strongly Disagree,6,Strongly Agree,1,Strongly Disagree,6,Strongly Agree,6,Strongly Agree,6,Strongly Agree,6,Strongly Agree,6,Strongly Agree,6,Strongly Agree,98/145
Name 138,1,O,,,,,,,,,,,,,,,,,,,,,,,,,,,,,,,,,,,,,,,,,,,,,,,,,,,0/145
Name 139,2,O,,,5,"Strongly Agree
Agree",6,Strongly Agree,5,Agree,6,Strongly Agree,5,Agree,5,Agree,5,Agree,6,"Strongly Disagree
Agree
Strongly Agree",6,Strongly Agree,5,Agree,,,,,,,,,,,,,,,,,,,,,,,,,,,,,54/145
Name 140,1,O,,,,,,,,,,,,,,,,,,,,,,,,,,,,,,,,,,,,,,,,,,,,,,,,,,,0/145
Name 141,1,O,,,,,,,,,,,,,,,,,,,,,,,,,,,,,,,,,,,,,,,,,,,,,,,,,,,0/145
Name 142,2,C,1,"Strengths:
Critical Thinking
Adaptive Thinking
Inventive Thinking
Communication
Collaboration
Information Skills
Civic Literacy
Global Literacy
Cross-Cultural Literacy

Areas for Improvement:",6,Strongly Agree,6,Strongly Agree,5,Agree,6,Strongly Agree,5,Agree,6,Strongly Agree,6,Strongly Agree,6,Strongly Agree,6,Strongly Agree,6,Strongly Agree,6,Strongly Agree,5,Agree,6,Strongly Agree,6,Strongly Agree,6,Strongly Agree,6,Strongly Agree,5,Agree,6,Strongly Agree,5,Agree,6,Strongly Agree,5,Agree,6,"Agree
Strongly Agree",6,Strongly Agree,6,Strongly Agree,139/145
Name 143,1,O,,,,,,,,,,,,,,,,,,,,,,,,,,,,,,,,,,,,,,,,,,,,,,,,,,,0/145
Name 144,1,C,1,"Strengths:
Critical Thinking
Adaptive Thinking
Inventive Thinking
Communication
Collaboration
Information Skills
Civic Literacy
Global Literacy
Cross-Cultural Literacy

Areas for Improvement:",4,"Agree
Strongly Agree
Agree
Slightly Disagree
Agree
Slightly Agree",4,Slightly Agree,4,"Strongly Agree
Slightly Agree",4,"Strongly Agree
Slightly Agree",4,Slightly Agree,4,"Strongly Agree
Slightly Agree",4,Slightly Agree,4,"Agree
Slightly Agree",4,Slightly Agree,4,Slightly Agree,4,Slightly Agree,4,Slightly Agree,4,Slightly Agree,4,Slightly Agree,4,Slightly Agree,4,Slightly Agree,4,Slightly Agree,4,Slightly Agree,4,Slightly Agree,4,Slightly Agree,4,Slightly Agree,4,Slightly Agree,4,Slightly Agree,4,Slightly Agree,97/145
Name 145,1,O,,,,,,,,,,,,,,,,,,,,,,,,,,,,,,,,,,,,,,,,,,,,,,,,,,,0/145
Name 146,1,O,,,,,,,,,,,,,,,,,,,,,,,,,,,,,,,,,,,,,,,,,,,,,,,,,,,0/145
Name 147,1,O,,,,,,,,,,,,,,,,,,,,,,,,,,,,,,,,,,,,,,,,,,,,,,,,,,,0/145
Name 148,1,O,,,,,,,,,,,,,,,,,,,,,,,,,,,,,,,,,,,,,,,,,,,,,,,,,,,0/145
Name 149,1,O,,,,,,,,,,,,,,,,,,,,,,,,,,,,,,,,,,,,,,,,,,,,,,,,,,,0/145
Name 150,1,O,,,,,,,,,,,,,,,,,,,,,,,,,,,,,,,,,,,,,,,,,,,,,,,,,,,0/145
Name 151,1,C,1,"Strengths:
Critical Thinking
Adaptive Thinking
Inventive Thinking
Communication
Collaboration
Information Skills
Civic Literacy
Global Literacy
Cross-Cultural Literacy

Areas for Improvement:",4,Slightly Agree,4,Slightly Agree,4,Slightly Agree,4,Slightly Agree,4,Slightly Agree,4,Slightly Agree,4,Slightly Agree,4,Slightly Agree,4,Slightly Agree,4,Slightly Agree,4,Slightly Agree,4,Slightly Agree,4,Slightly Agree,4,Slightly Agree,4,Slightly Agree,4,Slightly Agree,4,Slightly Agree,4,Slightly Agree,4,Slightly Agree,4,Slightly Agree,4,Slightly Agree,4,Slightly Agree,4,Slightly Agree,4,Slightly Agree,97/145
Name 152,1,O,,,,,,,,,,,,,,,,,,,,,,,,,,,,,,,,,,,,,,,,,,,,,,,,,,,0/145
Name 153,1,C,1,"Strengths:
Critical Thinking
Adaptive Thinking
Inventive Thinking
Communication
Collaboration
Information Skills
Civic Literacy
Global Literacy
Cross-Cultural Literacy

Areas for Improvement:",5,Agree,3,"Slightly Agree
Slightly Disagree",6,"Slightly Agree
Strongly Agree",6,Strongly Agree,4,Slightly Agree,4,Slightly Agree,5,Agree,3,Slightly Disagree,6,Strongly Agree,4,Slightly Agree,6,Strongly Agree,4,Slightly Agree,6,Strongly Agree,5,Agree,5,Agree,6,Strongly Agree,6,Strongly Agree,5,Agree,3,Slightly Disagree,6,Strongly Agree,5,Agree,5,Agree,6,Strongly Agree,5,Agree,120/145
Name 154,1,C,,,4,Slightly Agree,6,Strongly Agree,6,Strongly Agree,6,Strongly Agree,6,Strongly Agree,6,Strongly Agree,6,Strongly Agree,6,Strongly Agree,6,Strongly Agree,6,Strongly Agree,6,Strongly Agree,6,Strongly Agree,6,Strongly Agree,6,Strongly Agree,6,Strongly Agree,6,Strongly Agree,6,Strongly Agree,6,Strongly Agree,6,Strongly Agree,6,Strongly Agree,6,Strongly Agree,6,Strongly Agree,6,Strongly Agree,6,Strongly Agree,142/145
Name 155,1,O,,,,,,,,,,,,,,,,,,,,,,,,,,,,,,,,,,,,,,,,,,,,,,,,,,,0/145
Name 156,1,O,,,,,,,,,,,,,,,,,,,,,,,,,,,,,,,,,,,,,,,,,,,,,,,,,,,0/145
Name 157,1,C,1,"Strengths:
Critical Thinking
Adaptive Thinking
Inventive Thinking
Communication
Collaboration
Information Skills
Civic Literacy
Global Literacy
Cross-Cultural Literacy

Areas for Improvement:",6,Strongly Agree,6,Strongly Agree,6,Strongly Agree,6,Strongly Agree,6,Strongly Agree,6,Strongly Agree,6,Strongly Agree,6,Strongly Agree,6,Strongly Agree,6,Strongly Agree,6,Strongly Agree,6,Strongly Agree,6,Strongly Agree,6,Strongly Agree,6,Strongly Agree,6,Strongly Agree,6,Strongly Agree,6,Strongly Agree,6,Strongly Agree,6,Strongly Agree,6,Strongly Agree,6,Strongly Agree,6,Strongly Agree,6,Strongly Agree,145/145
Name 158,2,C,1,"Strengths:
Critical Thinking
Adaptive Thinking
Inventive Thinking
Communication
Collaboration
Information Skills
Civic Literacy
Global Literacy
Cross-Cultural Literacy

Areas for Improvement:",5,Agree,4,Slightly Agree,5,Agree,5,Agree,5,Agree,5,Agree,5,Agree,5,Agree,5,Agree,5,Agree,5,Agree,5,Agree,5,Agree,5,Agree,5,Agree,5,Agree,3,Slightly Disagree,3,"Strongly Disagree
Disagree
Slightly Disagree",4,Slightly Agree,4,Slightly Agree,5,"Slightly Agree
Agree",5,Agree,6,Strongly Agree,5,Agree,115/145
Name 159,1,O,,,,,,,,,,,,,,,,,,,,,,,,,,,,,,,,,,,,,,,,,,,,,,,,,,,0/145
Name 160,1,O,,,,,,,,,,,,,,,,,,,,,,,,,,,,,,,,,,,,,,,,,,,,,,,,,,,0/145
Name 161,1,O,,,,,,,,,,,,,,,,,,,,,,,,,,,,,,,,,,,,,,,,,,,,,,,,,,,0/145
Name 162,1,O,,,,,,,,,,,,,,,,,,,,,,,,,,,,,,,,,,,,,,,,,,,,,,,,,,,0/145
Name 163,1,C,1,"Strengths:
Critical Thinking
Adaptive Thinking
Inventive Thinking
Communication
Collaboration
Information Skills
Civic Literacy
Global Literacy
Cross-Cultural Literacy

Areas for Improvement:",4,Slightly Agree,3,Slightly Disagree,4,Slightly Agree,4,Slightly Agree,3,Slightly Disagree,4,Slightly Agree,4,Slightly Agree,5,Agree,5,Agree,6,"Agree
Strongly Agree",5,Agree,3,Slightly Disagree,4,Slightly Agree,5,Agree,3,Slightly Disagree,5,Agree,6,Strongly Agree,6,Strongly Agree,6,Strongly Agree,5,Agree,6,Strongly Agree,5,Agree,5,Agree,3,Slightly Disagree,110/145
Name 164,1,O,,,,,,,,,,,,,,,,,,,,,,,,,,,,,,,,,,,,,,,,,,,,,,,,,,,0/145
Name 165,1,O,,,,,,,,,,,,,,,,,,,,,,,,,,,,,,,,,,,,,,,,,,,,,,,,,,,0/145
Name 166,1,O,,,,,,,,,,,,,,,,,,,,,,,,,,,,,,,,,,,,,,,,,,,,,,,,,,,0/145
Name 167,1,O,,,,,,,,,,,,,,,,,,,,,,,,,,,,,,,,,,,,,,,,,,,,,,,,,,,0/145
Name 168,1,O,,,,,,,,,,,,,,,,,,,,,,,,,,,,,,,,,,,,,,,,,,,,,,,,,,,0/145
Name 169,1,O,,,,,,,,,,,,,,,,,,,,,,,,,,,,,,,,,,,,,,,,,,,,,,,,,,,0/145
Name 170,1,O,,,,,,,,,,,,,,,,,,,,,,,,,,,,,,,,,,,,,,,,,,,,,,,,,,,0/145
Name 171,1,O,,,,,,,,,,,,,,,,,,,,,,,,,,,,,,,,,,,,,,,,,,,,,,,,,,,0/145
Name 172,1,C,1,"Strengths:
Critical Thinking
Adaptive Thinking
Inventive Thinking
Communication
Collaboration
Information Skills
Civic Literacy
Global Literacy
Cross-Cultural Literacy

Areas for Improvement:",4,Slightly Agree,5,Agree,6,Strongly Agree,5,Agree,5,Agree,5,Agree,5,Agree,5,Agree,5,Agree,5,Agree,5,Agree,5,Agree,5,Agree,5,Agree,5,Agree,5,Agree,5,Agree,5,Agree,5,Agree,5,Agree,5,Agree,5,Agree,5,Agree,5,Agree,121/145
Name 173,1,O,,,,,,,,,,,,,,,,,,,,,,,,,,,,,,,,,,,,,,,,,,,,,,,,,,,0/145
Name 174,1,O,,,,,,,,,,,,,,,,,,,,,,,,,,,,,,,,,,,,,,,,,,,,,,,,,,,0/145
Name 175,2,C,,,6,Strongly Agree,6,Strongly Agree,6,Strongly Agree,6,Strongly Agree,6,Strongly Agree,6,Strongly Agree,6,Strongly Agree,6,Strongly Agree,6,Strongly Agree,6,Strongly Agree,6,Strongly Agree,6,Strongly Agree,6,Strongly Agree,6,Strongly Agree,6,Strongly Agree,6,Strongly Agree,6,Strongly Agree,6,Strongly Agree,6,Strongly Agree,6,Strongly Agree,6,Strongly Agree,6,Strongly Agree,6,Strongly Agree,6,Strongly Agree,144/145
Name 176,1,O,,,,,,,,,,,,,,,,,,,,,,,,,,,,,,,,,,,,,,,,,,,,,,,,,,,0/145
Name 177,2,C,1,"Strengths:
Adaptive Thinking
Inventive Thinking
Communication
Collaboration
Information Skills
Civic Literacy
Global Literacy
Cross-Cultural Literacy

Areas for Improvement:
Critical Thinking",1,"Strongly Disagree
Disagree
Strongly Disagree
Slightly Agree
Slightly Disagree
Strongly Disagree",5,"Slightly Agree
Agree",6,Strongly Agree,6,Strongly Agree,6,Strongly Agree,3,Slightly Disagree,1,Strongly Disagree,6,Strongly Agree,6,Strongly Agree,5,"Slightly Agree
Agree",4,Slightly Agree,3,Slightly Disagree,6,Strongly Agree,5,Agree,2,"Slightly Disagree
Disagree",4,Slightly Agree,5,Agree,4,"Slightly Disagree
Slightly Agree",4,Slightly Agree,6,Strongly Agree,1,"Slightly Disagree
Disagree
Strongly Disagree",6,"Agree
Strongly Agree",6,Strongly Agree,5,Agree,107/145
Name 178,1,O,,,,,,,,,,,,,,,,,,,,,,,,,,,,,,,,,,,,,,,,,,,,,,,,,,,0/145
Name 179,1,C,1,"Strengths:
Critical Thinking
Adaptive Thinking
Inventive Thinking
Communication
Collaboration
Information Skills
Civic Literacy
Global Literacy
Cross-Cultural Literacy

Areas for Improvement:",5,Agree,6,Strongly Agree,5,Agree,4,"Agree
Slightly Agree",5,Agree,5,Agree,5,Agree,5,Agree,5,Agree,6,Strongly Agree,6,Strongly Agree,6,Strongly Agree,6,Strongly Agree,5,Agree,5,Agree,6,Strongly Agree,5,Agree,6,Strongly Agree,5,Agree,5,Agree,6,Strongly Agree,5,Agree,6,Strongly Agree,6,Strongly Agree,130/145
Name 180,1,O,,,,,,,,,,,,,,,,,,,,,,,,,,,,,,,,,,,,,,,,,,,,,,,,,,,0/145
Name 181,1,O,,,,,,,,,,,,,,,,,,,,,,,,,,,,,,,,,,,,,,,,,,,,,,,,,,,0/145
Name 182,1,O,,,,,,,,,,,,,,,,,,,,,,,,,,,,,,,,,,,,,,,,,,,,,,,,,,,0/145
Name 183,1,O,,,,,,,,,,,,,,,,,,,,,,,,,,,,,,,,,,,,,,,,,,,,,,,,,,,0/145
Name 184,1,C,,,5,Agree,5,Agree,5,Agree,5,Agree,5,Agree,6,Strongly Agree,6,Strongly Agree,5,Agree,6,Strongly Agree,5,Agree,5,Agree,5,Agree,5,Agree,6,"Slightly Agree
Strongly Agree",5,Agree,5,Agree,5,Agree,6,Strongly Agree,6,Strongly Agree,6,Strongly Agree,5,Agree,4,Slightly Agree,6,"Agree
Strongly Agree",6,Strongly Agree,128/145
Name 185,3,C,1,"Strengths:
Critical Thinking
Adaptive Thinking
Inventive Thinking
Communication
Collaboration
Information Skills
Civic Literacy
Global Literacy
Cross-Cultural Literacy

Areas for Improvement:",4,Slightly Agree,5,Agree,6,Strongly Agree,6,Strongly Agree,4,Slightly Agree,5,Agree,4,Slightly Agree,5,Agree,5,Agree,6,Strongly Agree,4,Slightly Agree,5,Agree,4,Slightly Agree,4,Slightly Agree,4,"Agree
Slightly Agree",4,Slightly Agree,5,"Slightly Agree
Agree",5,Agree,4,Slightly Agree,4,Slightly Agree,4,Slightly Agree,4,Slightly Agree,4,Slightly Agree,4,Slightly Agree,110/145
Name 186,3,C,1,"Strengths:
Critical Thinking
Adaptive Thinking
Inventive Thinking
Communication
Collaboration
Information Skills
Civic Literacy
Global Literacy
Cross-Cultural Literacy

Areas for Improvement:",4,Slightly Agree,4,Slightly Agree,5,Agree,5,Agree,5,Agree,5,Agree,4,Slightly Agree,3,Slightly Disagree,4,Slightly Agree,6,Strongly Agree,4,Slightly Agree,5,Agree,5,Agree,5,Agree,6,Strongly Agree,5,Agree,5,Agree,4,"Agree
Slightly Agree",5,Agree,5,Agree,5,Agree,5,Agree,6,Strongly Agree,5,Agree,116/145
Name 187,1,O,,,,,,,,,,,,,,,,,,,,,,,,,,,,,,,,,,,,,,,,,,,,,,,,,,,0/145
Name 188,1,C,1,"Strengths:
Critical Thinking
Adaptive Thinking
Inventive Thinking
Communication
Collaboration
Information Skills
Civic Literacy
Global Literacy
Cross-Cultural Literacy

Areas for Improvement:",4,"Slightly Agree
Agree
Strongly Agree
Agree
Slightly Agree",4,Slightly Agree,4,Slightly Agree,4,Slightly Agree,4,Slightly Agree,5,Agree,5,Agree,5,Agree,4,Slightly Agree,4,Slightly Agree,5,Agree,5,"Slightly Agree
Agree",4,Slightly Agree,5,Agree,4,Slightly Agree,5,Agree,4,Slightly Agree,4,Slightly Agree,4,Slightly Agree,5,Agree,4,Slightly Agree,5,Agree,4,Slightly Agree,5,Agree,107/145
Name 189,1,O,,,,,,,,,,,,,,,,,,,,,,,,,,,,,,,,,,,,,,,,,,,,,,,,,,,0/145
Name 190,1,O,,,,,,,,,,,,,,,,,,,,,,,,,,,,,,,,,,,,,,,,,,,,,,,,,,,0/145
Name 191,1,O,,,4,Slightly Agree,4,Slightly Agree,,,,,,,5,Agree,,,,,,,,,,,,,,,,,,,,,,,,,,,,,,,,,,,,,13/145
Name 192,1,O,,,,,,,,,,,,,,,,,,,,,,,,,,,,,,,,,,,,,,,,,,,,,,,,,,,0/145
Name 193,1,O,,,,,,,,,,,,,,,,,,,,,,,,,,,,,,,,,,,,,,,,,,,,,,,,,,,0/145
Name 194,1,O,,,,,,,,,,,,,,,,,,,,,,,,,,,,,,,,,,,,,,,,,,,,,,,,,,,0/145
Name 195,1,O,,,,,,,,,,,,,,,,,,,,,,,,,,,,,,,,,,,,,,,,,,,,,,,,,,,0/145
Name 196,2,C,1,"Strengths:
Critical Thinking
Adaptive Thinking
Collaboration
Information Skills
Cross-Cultural Literacy

Areas for Improvement:
Inventive Thinking
Communication
Civic Literacy
Global Literacy",6,Strongly Agree,5,Agree,4,Slightly Agree,3,Slightly Disagree,2,Disagree,1,Strongly Disagree,1,Strongly Disagree,2,Disagree,3,Slightly Disagree,4,Slightly Agree,5,Agree,6,Strongly Agree,6,Strongly Agree,5,Agree,4,Slightly Agree,3,Slightly Disagree,2,Disagree,1,Strongly Disagree,1,Strongly Disagree,2,Disagree,3,Slightly Disagree,4,Slightly Agree,5,Agree,6,Strongly Agree,85/145
Name 197,1,O,,,,,,,,,,,,,,,,,,,,,,,,,,,,,,,,,,,,,,,,,,,,,,,,,,,0/145
Name 198,2,C,1,"Strengths:
Critical Thinking
Adaptive Thinking
Inventive Thinking
Communication
Collaboration
Information Skills
Global Literacy
Cross-Cultural Literacy

Areas for Improvement:
Civic Literacy",4,Slightly Agree,4,Slightly Agree,4,Slightly Agree,6,Strongly Agree,4,Slightly Agree,4,Slightly Agree,3,Slightly Disagree,1,Strongly Disagree,4,Slightly Agree,6,Strongly Agree,6,Strongly Agree,1,Strongly Disagree,4,Slightly Agree,4,Slightly Agree,4,Slightly Agree,4,Slightly Agree,4,Slightly Agree,1,Strongly Disagree,1,Strongly Disagree,4,Slightly Agree,2,Disagree,5,Agree,6,Strongly Agree,3,Slightly Disagree,90/145
Name 199,1,O,,,,,,,,,,,,,,,,,,,,,,,,,,,,,,,,,,,,,,,,,,,,,,,,,,,0/145
Name 200,1,O,,,,,,,,,,,,,,,,,,,,,,,,,,,,,,,,,,,,,,,,,,,,,,,,,,,0/145
Name 201,1,O,,,,,,,,,,,,,,,,,,,,,,,,,,,,,,,,,,,,,,,,,,,,,,,,,,,0/145
Name 202,1,O,,,,,,,,,,,,,,,,,,,,,,,,,,,,,,,,,,,,,,,,,,,,,,,,,,,0/145
Name 203,1,O,,,,,,,,,,,,,,,,,,,,,,,,,,,,,,,,,,,,,,,,,,,,,,,,,,,0/145
Name 204,1,C,1,"Strengths:
Critical Thinking
Adaptive Thinking
Inventive Thinking
Communication
Collaboration
Information Skills
Civic Literacy
Global Literacy
Cross-Cultural Literacy

Areas for Improvement:",4,Slightly Agree,5,Agree,5,Agree,6,Strongly Agree,6,Strongly Agree,5,Agree,5,Agree,5,Agree,5,Agree,5,Agree,6,Strongly Agree,6,"Agree
Strongly Agree",5,Agree,5,Agree,5,Agree,5,Agree,5,Agree,6,Strongly Agree,5,Agree,5,Agree,5,Agree,6,Strongly Agree,5,Agree,6,Strongly Agree,127/145
Name 205,1,O,,,,,,,,,,,,,,,,,,,,,,,,,,,,,,,,,,,,,,,,,,,,,,,,,,,0/145
Name 206,1,O,,,,,,,,,,,,,,,,,,,,,,,,,,,,,,,,,,,,,,,,,,,,,,,,,,,0/145
Name 207,1,C,1,"Strengths:
Critical Thinking
Adaptive Thinking
Inventive Thinking
Communication
Collaboration
Information Skills
Civic Literacy
Global Literacy
Cross-Cultural Literacy

Areas for Improvement:",4,"Slightly Disagree
Slightly Agree",4,Slightly Agree,4,Slightly Agree,4,Slightly Agree,3,"Slightly Agree
Slightly Disagree",3,"Slightly Agree
Slightly Disagree",4,Slightly Agree,4,Slightly Agree,4,Slightly Agree,4,Slightly Agree,4,Slightly Agree,4,Slightly Agree,4,Slightly Agree,4,Slightly Agree,4,Slightly Agree,4,Slightly Agree,4,Slightly Agree,4,Slightly Agree,4,Slightly Agree,4,Slightly Agree,4,Slightly Agree,2,Disagree,4,Slightly Agree,4,Slightly Agree,93/145
Name 208,1,C,1,"Strengths:
Critical Thinking
Adaptive Thinking
Inventive Thinking
Communication
Collaboration
Information Skills
Civic Literacy
Global Literacy
Cross-Cultural Literacy

Areas for Improvement:",5,"Disagree
Agree",4,"Slightly Disagree
Agree
Slightly Agree",5,"Disagree
Strongly Agree
Agree",6,"Strongly Disagree
Strongly Agree",5,Agree,5,Agree,4,Slightly Agree,5,Agree,5,Agree,4,Slightly Agree,6,Strongly Agree,6,Strongly Agree,5,Agree,5,Agree,5,Agree,4,Slightly Agree,5,Agree,4,Slightly Agree,4,Slightly Agree,5,Agree,5,Agree,6,Strongly Agree,6,Strongly Agree,6,Strongly Agree,121/145
Name 209,2,C,1,"Strengths:


Areas for Improvement:
Critical Thinking
Adaptive Thinking
Inventive Thinking
Communication
Collaboration
Information Skills
Civic Literacy
Global Literacy
Cross-Cultural Literacy",1,Strongly Disagree,1,Strongly Disagree,1,Strongly Disagree,1,Strongly Disagree,1,Strongly Disagree,1,Strongly Disagree,1,Strongly Disagree,1,Strongly Disagree,1,Strongly Disagree,1,Strongly Disagree,1,Strongly Disagree,1,Strongly Disagree,1,Strongly Disagree,1,Strongly Disagree,1,Strongly Disagree,1,Strongly Disagree,1,Strongly Disagree,1,Strongly Disagree,1,Strongly Disagree,1,Strongly Disagree,1,Strongly Disagree,1,Strongly Disagree,1,Strongly Disagree,1,Strongly Disagree,25/145
Name 210,1,O,,,,,,,,,,,,,,,,,,,,,,,,,,,,,,,,,,,,,,,,,,,,,,,,,,,0/145
Name 211,1,O,,,,,,,,,,,,,,,,,,,,,,,,,,,,,,,,,,,,,,,,,,,,,,,,,,,0/145
Name 212,4,O,,,,,,,,,,,,,,,,,,,,,,,,,,,,,,,,,,,,,,,,,,,,,,,,,,,0/145
Name 213,1,O,,,,,,,,,,,,,,,,,,,,,,,,,,,,,,,,,,,,,,,,,,,,,,,,,,,0/145
Name 214,2,C,1,"Strengths:
Critical Thinking
Adaptive Thinking
Inventive Thinking
Communication
Collaboration
Information Skills
Civic Literacy
Global Literacy
Cross-Cultural Literacy

Areas for Improvement:",6,Strongly Agree,6,Strongly Agree,6,Strongly Agree,6,Strongly Agree,6,Strongly Agree,6,Strongly Agree,6,Strongly Agree,4,"Strongly Agree
Slightly Agree
Agree
Slightly Agree
Agree
Slightly Agree",6,Strongly Agree,6,Strongly Agree,6,Strongly Agree,6,Strongly Agree,6,Strongly Agree,6,Strongly Agree,6,Strongly Agree,6,Strongly Agree,6,Strongly Agree,6,Strongly Agree,6,Strongly Agree,6,Strongly Agree,6,Strongly Agree,6,Strongly Agree,6,Strongly Agree,6,Strongly Agree,143/145
Name 215,1,O,,,,,,,,,,,,,,,,,,,,,,,,,,,,,,,,,,,,,,,,,,,,,,,,,,,0/145
Name 216,1,O,,,,,,,,,,,,,,,,,,,,,,,,,,,,,,,,,,,,,,,,,,,,,,,,,,,0/145
Name 217,1,O,,,,,,,,,,,,,,,,,,,,,,,,,,,,,,,,,,,,,,,,,,,,,,,,,,,0/145
Name 218,2,C,1,"Strengths:
Critical Thinking
Adaptive Thinking
Inventive Thinking
Communication
Collaboration
Information Skills
Civic Literacy
Global Literacy
Cross-Cultural Literacy

Areas for Improvement:",4,Slightly Agree,4,Slightly Agree,5,Agree,5,Agree,4,"Agree
Slightly Agree",4,Slightly Agree,5,Agree,5,Agree,5,Agree,5,Agree,5,Agree,5,Agree,5,Agree,5,Agree,5,Agree,5,Agree,5,Agree,5,Agree,5,Agree,5,Agree,5,Agree,5,Agree,5,Agree,5,Agree,117/145
Name 219,1,O,,,,,,,,,,,,,,,,,,,,,,,,,,,,,,,,,,,,,,,,,,,,,,,,,,,0/145
Name 220,1,O,,,,,,,,,,,,,,,,,,,,,,,,,,,,,,,,,,,,,,,,,,,,,,,,,,,0/145
Name 221,3,O,,,,,,,,,,,,,,,,,,,,,,,,,,,,,,,,,,,,,,,,,,,,,,,,,,,0/145
Name 222,1,O,,,,,,,,,,,,,,,,,,,,,,,,,,,,,,,,,,,,,,,,,,,,,,,,,,,0/145
Name 223,1,O,,,,,,,,,,,,,,,,,,,,,,,,,,,,,,,,,,,,,,,,,,,,,,,,,,,0/145
Name 224,1,O,,,,,,,,,,,,,,,,,,,,,,,,,,,,,,,,,,,,,,,,,,,,,,,,,,,0/145
Name 225,1,O,,,,,,,,,,,,,,,,,,,,,,,,,,,,,,,,,,,,,,,,,,,,,,,,,,,0/145
Name 226,1,O,,,,,,,,,,,,,,,,,,,,,,,,,,,,,,,,,,,,,,,,,,,,,,,,,,,0/145
Name 227,1,C,1,"Strengths:
Adaptive Thinking
Inventive Thinking
Communication
Civic Literacy
Global Literacy

Areas for Improvement:
Critical Thinking
Collaboration
Information Skills
Cross-Cultural Literacy",1,Strongly Disagree,2,Disagree,3,Slightly Disagree,4,Slightly Agree,5,Agree,6,Strongly Agree,6,Strongly Agree,5,Agree,4,Slightly Agree,3,Slightly Disagree,2,Disagree,1,Strongly Disagree,1,Strongly Disagree,2,Disagree,3,Slightly Disagree,4,Slightly Agree,5,Agree,6,Strongly Agree,6,Strongly Agree,5,Agree,4,Slightly Agree,3,Slightly Disagree,2,Disagree,1,Strongly Disagree,85/145
Name 228,1,O,,,,,,,,,,,,,,,,,,,,,,,,,,,,,,,,,,,,,,,,,,,,,,,,,,,0/145
Name 229,1,O,,,,,,,,,,,,,,,,,,,,,,,,,,,,,,,,,,,,,,,,,,,,,,,,,,,0/145
Name 230,1,C,1,"Strengths:
Critical Thinking
Adaptive Thinking
Inventive Thinking
Communication
Collaboration
Information Skills
Civic Literacy
Global Literacy
Cross-Cultural Literacy

Areas for Improvement:",4,Slightly Agree,4,Slightly Agree,5,Agree,5,"Slightly Agree
Agree",5,Agree,5,Agree,5,Agree,4,Slightly Agree,4,Slightly Agree,5,"Slightly Agree
Agree",4,Slightly Agree,5,Agree,4,Slightly Agree,5,Agree,5,Agree,4,Slightly Agree,5,Agree,4,"Slightly Disagree
Slightly Agree",4,Slightly Agree,5,Agree,5,Agree,5,Agree,4,"Agree
Slightly Agree",5,Agree,111/145
Name 231,1,O,,,,,,,,,,,,,,,,,,,,,,,,,,,,,,,,,,,,,,,,,,,,,,,,,,,0/145
Name 232,1,O,,,,,,,,,,,,,,,,,,,,,,,,,,,,,,,,,,,,,,,,,,,,,,,,,,,0/145
Name 233,1,O,,,,,,,,,,,,,,,,,,,,,,,,,,,,,,,,,,,,,,,,,,,,,,,,,,,0/145
Name 234,1,O,,,,,,,,,,,,,,,,,,,,,,,,,,,,,,,,,,,,,,,,,,,,,,,,,,,0/145
Name 235,1,O,,,,,,,,,,,,,,,,,,,,,,,,,,,,,,,,,,,,,,,,,,,,,,,,,,,0/145
Name 236,1,O,,,,,,,,,,,,,,,,,,,,,,,,,,,,,,,,,,,,,,,,,,,,,,,,,,,0/145
Name 237,1,C,1,"Strengths:
Critical Thinking
Adaptive Thinking
Inventive Thinking
Communication
Collaboration
Information Skills
Civic Literacy
Global Literacy
Cross-Cultural Literacy

Areas for Improvement:",6,"Strongly Disagree
Strongly Agree",6,"Strongly Disagree
Strongly Agree",6,"Strongly Disagree
Strongly Agree",6,"Strongly Disagree
Strongly Agree",6,"Strongly Disagree
Strongly Agree",6,"Strongly Disagree
Strongly Agree",6,"Strongly Disagree
Strongly Agree",6,"Strongly Disagree
Strongly Agree",6,"Strongly Disagree
Strongly Agree",6,"Strongly Disagree
Disagree
Strongly Disagree
Strongly Agree",6,Strongly Agree,5,Agree,6,"Agree
Strongly Agree",6,Strongly Agree,6,Strongly Agree,6,Strongly Agree,5,Agree,5,Agree,5,Agree,5,Agree,6,Strongly Agree,6,Strongly Agree,6,Strongly Agree,6,Strongly Agree,140/145
Name 238,1,O,,,,,,,,,,,,,,,,,,,,,,,,,,,,,,,,,,,,,,,,,,,,,,,,,,,0/145
Name 239,1,O,,,,,,,,,,,,,,,,,,,,,,,,,,,,,,,,,,,,,,,,,,,,,,,,,,,0/145
Name 240,2,C,1,"Strengths:
Critical Thinking
Adaptive Thinking
Inventive Thinking
Communication
Collaboration
Information Skills
Civic Literacy
Global Literacy
Cross-Cultural Literacy

Areas for Improvement:",4,Slightly Agree,5,Agree,4,Slightly Agree,5,Agree,4,"Slightly Disagree
Slightly Agree",4,Slightly Agree,4,Slightly Agree,4,Slightly Agree,5,"Slightly Agree
Agree",5,Agree,5,Agree,5,Agree,5,Agree,6,Strongly Agree,4,Slightly Agree,5,Agree,5,Agree,5,Agree,5,Agree,4,Slightly Agree,5,Agree,5,Agree,6,Strongly Agree,5,Agree,115/145
Name 241,1,O,,,,,,,,,,,,,,,,,,,,,,,,,,,,,,,,,,,,,,,,,,,,,,,,,,,0/145